booking_id,check_in_date,check_out_date,room_type,num_adults,num_children,total_price,customer_name,customer_email,payment_method
1,6/23/2022,11/13/2022,Single,4,1,301.24,Margret Cropper,mcropper0@ftc.gov,Credit Card
2,7/7/2022,8/3/2022,Double,2,2,392.13,Yancy Seefus,yseefus1@arstechnica.com,Credit Card
5,7/1/2022,5/15/2022,Single,1,2,446.09,Florina Lugsdin,flugsdin4@flavors.me,Cash
6,10/25/2022,4/30/2022,Single,4,0,467.77,Gifford Dwerryhouse,gdwerryhouse5@reddit.com,PayPal
7,1/26/2022,3/14/2022,Suite,4,0,441.23,Carmine Walisiak,cwalisiak6@merriam-webster.com,PayPal
8,11/27/2022,2/7/2022,Double,1,1,289.66,Mickie Cluley,mcluley7@mapy.cz,Credit Card
9,3/31/2022,2/9/2022,Single,3,2,399.44,Virgina Fortoun,vfortoun8@spotify.com,Cash
10,5/10/2022,2/10/2022,Suite,2,0,460.73,Lenka Corsan,lcorsan9@over-blog.com,Credit Card
11,1/14/2022,7/13/2022,Double,2,0,311.96,Jocelin Purnell,jpurnella@sciencedaily.com,Credit Card
13,8/9/2022,3/18/2022,Single,3,0,301.19,Jasmine Eppson,jeppsonc@howstuffworks.com,PayPal
14,11/26/2022,5/23/2022,Suite,3,2,433.5,Maritsa Ketteridge,mketteridged@msu.edu,Cash
15,7/26/2022,10/16/2022,Single,4,0,336.11,Arel Everly,aeverlye@intel.com,Credit Card
19,2/21/2022,5/28/2022,Single,4,0,372.07,Waylen Howkins,whowkinsi@jalbum.net,Credit Card
21,5/31/2022,8/1/2022,Suite,3,0,303.89,Salvador Kenzie,skenziek@last.fm,Cash
22,9/10/2022,12/10/2022,Suite,2,2,280.02,Brittne Durtnell,bdurtnelll@mit.edu,Credit Card
26,1/1/2022,3/18/2022,Suite,1,1,353.19,Nicolai Muirden,nmuirdenp@sohu.com,PayPal
29,1/29/2022,3/21/2022,Suite,1,1,313.49,Humfried Redmire,hredmires@apple.com,Credit Card
31,7/4/2022,1/19/2022,Suite,1,2,360.84,Marna Collison,mcollisonu@businessinsider.com,Cash
34,4/21/2022,3/8/2022,Suite,3,1,478.12,Anallese Hubble,ahubblex@squidoo.com,PayPal
37,8/8/2022,8/23/2022,Single,4,2,486.86,Merla Frizell,mfrizell10@edublogs.org,Credit Card
42,8/9/2022,6/2/2022,Suite,4,1,484.61,Gillan Baggett,gbaggett15@cmu.edu,Cash
46,9/18/2022,6/7/2022,Suite,2,0,311.57,Arielle Bartlett,abartlett19@webnode.com,PayPal
54,3/23/2022,2/6/2022,Double,3,0,448.33,Willa Manifield,wmanifield1h@networkadvertising.org,Credit Card
55,2/26/2022,6/28/2022,Single,2,1,478.66,Billie Crichmere,bcrichmere1i@unesco.org,PayPal
56,7/10/2022,7/27/2022,Suite,3,0,472.96,Reggie Ertelt,rertelt1j@wikispaces.com,PayPal
57,2/12/2022,5/25/2022,Double,1,0,281.61,Sauveur Maker,smaker1k@unc.edu,Cash
59,6/15/2022,6/3/2022,Suite,1,1,372.69,Darsey Ellams,dellams1m@4shared.com,Credit Card
60,4/7/2022,12/29/2022,Double,4,2,285.9,Ashely Wolters,awolters1n@chronoengine.com,PayPal
62,1/14/2022,6/15/2022,Suite,2,1,486.0,Vassili Iacovone,viacovone1p@ibm.com,Cash
63,3/28/2022,9/18/2022,Double,1,1,391.98,Timothea Eccleston,teccleston1q@tuttocitta.it,Cash
64,11/2/2022,2/12/2022,Suite,2,0,477.88,Gui Nudde,gnudde1r@jigsy.com,PayPal
67,10/26/2022,2/23/2022,Single,3,2,413.55,Ivory Ferfulle,iferfulle1u@google.ru,Cash
71,10/2/2022,4/20/2022,Single,1,0,280.81,Fairfax McWard,fmcward1y@blogs.com,PayPal
74,6/19/2022,12/25/2022,Double,4,1,402.8,Gilles Goldstein,ggoldstein21@vk.com,Cash
76,12/30/2022,9/28/2022,Double,1,0,286.91,Allistir Tidball,atidball23@facebook.com,Credit Card
81,10/2/2022,3/22/2022,Suite,1,0,484.43,Alberto Bamb,abamb28@tinypic.com,Credit Card
82,4/14/2022,4/11/2022,Suite,2,2,410.98,Chanda Henrie,chenrie29@berkeley.edu,PayPal
84,8/25/2022,5/20/2022,Single,1,0,368.0,Erl Bodill,ebodill2b@comcast.net,Cash
86,8/6/2022,9/6/2022,Double,3,2,384.62,Mychal McVane,mmcvane2d@4shared.com,Credit Card
89,8/26/2022,10/11/2022,Suite,1,1,303.33,Adele Farlambe,afarlambe2g@comsenz.com,PayPal
91,8/23/2022,9/2/2022,Single,3,2,462.73,Kacie Cartmael,kcartmael2i@xing.com,PayPal
92,3/9/2022,8/16/2022,Suite,4,0,438.03,Annabelle Erskine Sandys,aerskine2j@wiley.com,Cash
96,8/4/2022,8/9/2022,Suite,3,2,367.1,Tim Allbrook,tallbrook2n@chronoengine.com,PayPal
97,9/24/2022,12/22/2022,Suite,2,1,401.68,Milissent Dangl,mdangl2o@samsung.com,PayPal
102,11/2/2022,10/21/2022,Single,1,0,347.81,Jenilee Gligoraci,jgligoraci2t@shareasale.com,PayPal
104,9/24/2022,3/14/2022,Suite,4,2,424.16,Dud Dederick,ddederick2v@admin.ch,PayPal
105,3/21/2022,2/10/2022,Double,2,1,343.7,Moises Wetherick,mwetherick2w@epa.gov,Cash
107,10/30/2022,6/4/2022,Suite,1,0,402.6,Dorisa Davson,ddavson2y@yellowbook.com,Credit Card
109,7/13/2022,6/21/2022,Single,3,1,302.56,Todd Galego,tgalego30@sourceforge.net,Credit Card
115,6/15/2022,2/27/2022,Double,2,0,426.46,Leela Smoote,lsmoote36@xing.com,Cash
116,7/15/2022,8/28/2022,Single,2,0,306.56,Royal Pillman,rpillman37@plala.or.jp,Cash
118,6/5/2022,1/29/2022,Single,4,0,358.21,Dottie Wraxall,dwraxall39@miitbeian.gov.cn,Cash
119,3/16/2022,8/19/2022,Suite,2,0,290.0,Husein Spaight,hspaight3a@godaddy.com,Cash
120,8/21/2022,5/11/2022,Single,1,1,292.49,Wallis De La Hay,wde3b@imageshack.us,Cash
121,12/16/2022,12/30/2022,Double,3,0,496.35,Langsdon Forrest,lforrest3c@yandex.ru,PayPal
122,12/13/2022,1/23/2022,Double,2,2,470.47,Del Laing,dlaing3d@wsj.com,Credit Card
126,10/2/2022,5/18/2022,Single,3,2,431.64,Gerome Grigori,ggrigori3h@trellian.com,Cash
127,1/6/2022,2/22/2022,Double,4,1,372.72,Aileen MacColl,amaccoll3i@wordpress.org,Credit Card
128,7/24/2022,10/12/2022,Double,2,2,478.27,Malory Haville,mhaville3j@freewebs.com,PayPal
130,10/10/2022,3/15/2022,Double,4,0,428.66,Alfie Dering,adering3l@weather.com,Cash
131,9/6/2022,11/7/2022,Suite,4,2,491.4,Maxy Millott,mmillott3m@tumblr.com,PayPal
134,12/16/2022,3/9/2022,Single,4,1,331.15,Rea Lube,rlube3p@blog.com,PayPal
136,6/28/2022,10/30/2022,Single,2,0,414.28,Ado Claque,aclaque3r@admin.ch,Credit Card
137,5/4/2022,4/20/2022,Double,3,0,373.3,Deane Juste,djuste3s@constantcontact.com,Credit Card
138,2/4/2022,12/24/2022,Single,1,0,372.87,Teressa Bearblock,tbearblock3t@1688.com,PayPal
140,5/22/2022,11/5/2022,Double,3,1,353.22,Ingelbert Brouwer,ibrouwer3v@mozilla.org,Cash
141,3/13/2022,5/15/2022,Suite,1,0,375.61,Gwenni Housecroft,ghousecroft3w@fema.gov,Credit Card
142,9/1/2022,8/23/2022,Single,3,2,335.13,Asia Pfeffer,apfeffer3x@msu.edu,PayPal
146,3/31/2022,8/4/2022,Suite,1,1,347.63,Brit Bickmore,bbickmore41@w3.org,Credit Card
147,12/13/2022,10/7/2022,Double,1,2,392.05,Robinia Baus,rbaus42@un.org,Credit Card
150,2/18/2022,9/28/2022,Single,3,2,496.96,Aili Corbishley,acorbishley45@paypal.com,PayPal
152,1/6/2022,3/10/2022,Double,2,1,495.2,Saraann Pass,spass47@netlog.com,PayPal
157,11/25/2022,4/8/2022,Suite,4,0,430.0,Krishna Pavlovic,kpavlovic4c@europa.eu,PayPal
159,8/15/2022,6/18/2022,Suite,2,0,456.16,Rici Murfin,rmurfin4e@mlb.com,Cash
163,12/15/2022,4/25/2022,Suite,3,1,409.17,Berthe Cocklie,bcocklie4i@wordpress.org,Credit Card
164,11/8/2022,9/20/2022,Single,1,2,438.74,Belvia Vankin,bvankin4j@mac.com,Credit Card
166,12/15/2022,9/17/2022,Suite,4,1,422.44,Angeline Feely,afeely4l@google.fr,PayPal
167,6/24/2022,5/16/2022,Double,3,1,443.92,Rheba Ponceford,rponceford4m@reuters.com,PayPal
168,11/26/2022,6/24/2022,Double,3,1,378.25,Chadwick Fear,cfear4n@google.co.jp,Credit Card
170,11/7/2022,12/29/2022,Suite,2,1,295.25,Madonna Salthouse,msalthouse4p@naver.com,Cash
171,5/29/2022,2/11/2022,Double,2,2,336.93,Aryn Moret,amoret4q@ocn.ne.jp,PayPal
174,10/17/2022,5/12/2022,Single,1,0,280.44,Bryce Sarsons,bsarsons4t@networksolutions.com,PayPal
178,3/13/2022,3/6/2022,Single,1,2,341.97,Iago Vila,ivila4x@linkedin.com,PayPal
179,8/7/2022,9/14/2022,Single,4,0,456.5,Theodoric Botte,tbotte4y@dyndns.org,Credit Card
185,2/8/2022,3/18/2022,Single,1,2,357.21,Bill Covendon,bcovendon54@ehow.com,Cash
187,12/11/2022,6/5/2022,Suite,3,2,452.94,Jessy Lensch,jlensch56@vkontakte.ru,PayPal
189,11/26/2022,2/23/2022,Double,4,1,404.17,Loise Grigoli,lgrigoli58@trellian.com,Cash
192,9/20/2022,6/24/2022,Double,2,2,403.42,Jeromy Gouinlock,jgouinlock5b@sakura.ne.jp,Cash
195,5/18/2022,3/3/2022,Double,4,1,290.05,Greer Christian,gchristian5e@arizona.edu,PayPal
196,8/6/2022,6/16/2022,Suite,3,2,357.98,Antonietta McDarmid,amcdarmid5f@instagram.com,PayPal
198,11/4/2022,9/5/2022,Suite,1,0,307.72,Reta Roscow,rroscow5h@seattletimes.com,PayPal
199,1/10/2022,11/16/2022,Double,1,2,371.9,Euell Sissons,esissons5i@alexa.com,Cash
200,9/12/2022,8/29/2022,Double,3,1,446.66,Shell Skermer,sskermer5j@bing.com,Credit Card
201,4/12/2022,3/3/2022,Single,2,1,408.03,Allsun Blackmore,ablackmore5k@simplemachines.org,PayPal
202,6/1/2022,6/26/2022,Suite,2,1,435.2,Antone Cancellieri,acancellieri5l@usa.gov,Cash
205,11/28/2022,8/9/2022,Suite,4,1,489.22,Judie Coney,jconey5o@geocities.com,Cash
208,11/6/2022,7/12/2022,Suite,4,2,418.26,Weidar McWilliams,wmcwilliams5r@people.com.cn,Credit Card
210,11/13/2022,5/5/2022,Single,2,1,349.55,Jojo Kleinsmuntz,jkleinsmuntz5t@mlb.com,Credit Card
212,9/7/2022,2/3/2022,Suite,3,0,291.66,Corabella Jefferies,cjefferies5v@google.com.br,PayPal
216,7/29/2022,10/6/2022,Single,4,2,347.51,Gorden Fewlass,gfewlass5z@kickstarter.com,PayPal
219,2/21/2022,5/13/2022,Single,4,1,331.88,Eadie Badcock,ebadcock62@themeforest.net,Credit Card
222,2/18/2022,6/16/2022,Double,3,1,292.71,Frants Janodet,fjanodet65@webnode.com,Cash
225,3/21/2022,1/24/2022,Single,3,2,427.96,Mildrid Grafton-Herbert,mgraftonherbert68@senate.gov,PayPal
227,1/8/2022,4/10/2022,Double,4,1,405.39,Merola Dulwitch,mdulwitch6a@mit.edu,Cash
230,8/17/2022,3/12/2022,Suite,2,0,322.05,Dunc Hillburn,dhillburn6d@alibaba.com,PayPal
231,11/11/2022,8/29/2022,Double,1,0,474.27,Yuri O'Doherty,yodoherty6e@psu.edu,PayPal
232,6/16/2022,1/29/2022,Single,3,0,316.58,Kellen Morefield,kmorefield6f@1688.com,Cash
234,6/22/2022,1/10/2022,Double,3,2,490.32,Barnie Basant,bbasant6h@google.co.jp,PayPal
235,11/11/2022,3/2/2022,Single,4,0,315.94,Leda MacTeggart,lmacteggart6i@census.gov,Credit Card
236,8/31/2022,9/1/2022,Suite,3,2,459.29,Betty Rigg,brigg6j@state.gov,PayPal
240,7/18/2022,1/23/2022,Single,4,0,352.01,Pegeen Frowing,pfrowing6n@marriott.com,Credit Card
241,1/19/2022,12/23/2022,Suite,2,2,348.76,Derry Presidey,dpresidey6o@phoca.cz,Credit Card
242,5/26/2022,9/5/2022,Single,1,2,331.98,Lea Ciobutaro,lciobutaro6p@java.com,PayPal
243,3/8/2022,6/19/2022,Double,3,2,424.65,Zorina Tilbrook,ztilbrook6q@state.tx.us,Credit Card
244,11/18/2022,4/16/2022,Single,4,0,367.19,Rolf Pitts,rpitts6r@si.edu,Cash
245,3/8/2022,10/21/2022,Suite,2,1,342.55,Alon Khoter,akhoter6s@ed.gov,Cash
246,11/11/2022,10/4/2022,Single,2,1,317.1,Cleon Jaime,cjaime6t@mapy.cz,Cash
249,3/7/2022,5/19/2022,Double,1,2,445.6,Bev Plan,bplan6w@goo.gl,Cash
251,10/8/2022,10/17/2022,Suite,1,0,476.05,Celestia Veljes,cveljes6y@gmpg.org,Credit Card
252,2/19/2022,11/28/2022,Suite,1,1,426.58,Grant Wombwell,gwombwell6z@sina.com.cn,PayPal
254,10/7/2022,1/13/2022,Suite,1,2,376.63,Carleton Litherborough,clitherborough71@msu.edu,PayPal
256,8/26/2022,8/21/2022,Suite,1,2,346.72,Alex Sybry,asybry73@booking.com,Credit Card
257,3/11/2022,12/4/2022,Single,4,2,379.89,Fitzgerald Pollington,fpollington74@parallels.com,Credit Card
258,4/20/2022,6/18/2022,Double,3,0,396.36,Leon Ghilks,lghilks75@odnoklassniki.ru,PayPal
260,1/29/2022,3/14/2022,Single,3,1,464.83,Oralla Laborda,olaborda77@marketwatch.com,Cash
262,8/15/2022,7/1/2022,Suite,4,2,480.88,Petra Do Rosario,pdo79@opera.com,PayPal
263,7/30/2022,12/11/2022,Double,4,1,467.53,Colleen Heinert,cheinert7a@bloglines.com,Cash
264,5/29/2022,9/16/2022,Double,3,0,306.84,Germain Imlen,gimlen7b@wix.com,PayPal
267,12/20/2022,4/20/2022,Double,4,1,385.45,Woodie Eckly,weckly7e@smugmug.com,PayPal
268,11/9/2022,4/2/2022,Single,1,0,484.04,Sayers Cosgrave,scosgrave7f@sina.com.cn,PayPal
269,8/8/2022,3/5/2022,Suite,2,1,490.23,Catha Ahrend,cahrend7g@bbb.org,Credit Card
270,3/28/2022,8/18/2022,Single,4,1,284.76,Jamaal Louis,jlouis7h@scientificamerican.com,PayPal
272,7/22/2022,1/18/2022,Single,4,1,348.12,Caresse Derisley,cderisley7j@artisteer.com,Credit Card
274,6/2/2022,7/9/2022,Single,1,1,488.14,Eugenius Aiskovitch,eaiskovitch7l@php.net,Credit Card
276,11/20/2022,5/6/2022,Single,1,2,332.79,Ag Trenbay,atrenbay7n@angelfire.com,Cash
278,10/5/2022,5/5/2022,Double,1,1,393.38,Sigmund Cragell,scragell7p@yellowpages.com,PayPal
279,10/2/2022,7/19/2022,Suite,1,0,356.35,Chase Drynan,cdrynan7q@oaic.gov.au,PayPal
280,5/13/2022,1/26/2022,Single,2,0,434.43,Tamiko Dearness,tdearness7r@washingtonpost.com,Credit Card
281,12/21/2022,3/22/2022,Double,1,2,393.15,Mozes Wallas,mwallas7s@trellian.com,Cash
282,3/12/2022,3/1/2022,Suite,4,1,281.97,Bennett Finley,bfinley7t@altervista.org,PayPal
284,11/3/2022,12/2/2022,Suite,3,2,346.4,Penelope Nestle,pnestle7v@flavors.me,Cash
290,2/18/2022,1/11/2022,Single,2,1,495.21,Ruth Maxstead,rmaxstead81@biblegateway.com,PayPal
292,11/28/2022,8/5/2022,Single,4,1,416.77,Lucho Gowen,lgowen83@state.gov,PayPal
293,6/23/2022,9/21/2022,Suite,3,0,442.93,Nicky Cameron,ncameron84@biblegateway.com,PayPal
295,7/6/2022,6/17/2022,Suite,2,1,464.26,Annamarie Rawood,arawood86@cafepress.com,Cash
296,8/30/2022,11/14/2022,Suite,4,2,385.13,Charissa Whithalgh,cwhithalgh87@goodreads.com,Cash
297,12/24/2022,11/2/2022,Single,4,0,490.21,Carmella Chiverstone,cchiverstone88@nsw.gov.au,Cash
299,6/9/2022,10/31/2022,Single,2,0,434.38,Murielle O'Hdirscoll,mohdirscoll8a@histats.com,Cash
300,10/11/2022,9/29/2022,Single,3,1,359.02,Viva Danilyuk,vdanilyuk8b@cnbc.com,PayPal
301,2/14/2022,9/7/2022,Single,3,2,347.93,Felice Millson,fmillson8c@ning.com,Credit Card
305,10/14/2022,3/25/2022,Double,1,1,349.29,Karol Beckhouse,kbeckhouse8g@amazon.com,PayPal
308,2/9/2022,6/1/2022,Single,2,0,279.09,Knox Crux,kcrux8j@youtu.be,Cash
311,3/9/2022,11/12/2022,Single,4,1,346.68,Xerxes Askam,xaskam8m@mlb.com,Credit Card
313,8/9/2022,3/24/2022,Single,1,2,485.34,Gilberto Nolin,gnolin8o@eepurl.com,PayPal
314,6/19/2022,12/23/2022,Single,1,1,439.21,Glen Arnoldi,garnoldi8p@walmart.com,Cash
318,1/3/2022,1/11/2022,Single,4,2,360.09,Karna Rowell,krowell8t@elpais.com,Cash
321,7/21/2022,4/21/2022,Double,3,2,283.2,Conney Haverson,chaverson8w@google.co.uk,Cash
322,2/25/2022,2/5/2022,Suite,1,1,490.57,Ricca Rhucroft,rrhucroft8x@geocities.com,Credit Card
325,3/1/2022,5/29/2022,Single,1,2,401.92,Bastien Hartop,bhartop90@godaddy.com,Cash
326,6/17/2022,1/1/2022,Suite,2,1,382.5,Pegeen Lutton,plutton91@google.nl,PayPal
331,7/1/2022,10/28/2022,Single,4,1,382.25,Neysa Lopez,nlopez96@yolasite.com,Credit Card
333,12/18/2022,2/1/2022,Single,2,1,391.31,Brunhilde Knowlson,bknowlson98@guardian.co.uk,Cash
334,5/28/2022,2/8/2022,Double,4,0,457.98,Barbara Northage,bnorthage99@mit.edu,PayPal
337,9/3/2022,2/19/2022,Single,1,0,429.2,Cobb Ricciardo,cricciardo9c@parallels.com,Credit Card
338,5/12/2022,1/2/2022,Single,3,1,399.95,Baron Asey,basey9d@sitemeter.com,Credit Card
340,7/27/2022,5/18/2022,Suite,3,2,311.14,Byram Gritland,bgritland9f@meetup.com,Cash
341,10/31/2022,4/2/2022,Single,4,0,351.71,Kippie MacCambridge,kmaccambridge9g@hugedomains.com,Cash
342,3/15/2022,5/30/2022,Suite,2,1,357.25,Joelle Scoggans,jscoggans9h@nationalgeographic.com,PayPal
344,4/3/2022,12/13/2022,Double,1,0,368.62,Nikos Riggs,nriggs9j@usgs.gov,Cash
347,1/5/2022,7/21/2022,Suite,2,1,383.15,Lesly Maudson,lmaudson9m@netlog.com,Cash
349,4/3/2022,8/24/2022,Single,2,2,498.01,Woodman Taylorson,wtaylorson9o@addtoany.com,Credit Card
350,2/13/2022,9/19/2022,Single,1,0,300.2,Saxe Fairholme,sfairholme9p@naver.com,Credit Card
352,5/1/2022,3/9/2022,Double,4,1,353.01,Catherin Linguard,clinguard9r@twitter.com,Cash
354,11/25/2022,5/14/2022,Suite,2,2,296.77,Frasier Shiels,fshiels9t@opensource.org,PayPal
356,10/7/2022,4/24/2022,Single,3,0,357.58,Demetris D'Alwis,ddalwis9v@goo.gl,Credit Card
358,6/9/2022,1/4/2022,Suite,3,2,304.74,Sallyann Brimilcombe,sbrimilcombe9x@wiley.com,PayPal
361,11/22/2022,12/10/2022,Double,4,1,284.4,Karalynn Bidwell,kbidwella0@census.gov,PayPal
363,8/21/2022,7/17/2022,Single,4,2,347.56,Shanda Angus,sangusa2@a8.net,Cash
364,3/13/2022,9/23/2022,Single,4,0,422.12,Clemente Relton,creltona3@163.com,Credit Card
366,11/16/2022,1/30/2022,Double,4,0,323.36,Denis MacSorley,dmacsorleya5@hexun.com,Credit Card
367,1/18/2022,11/15/2022,Single,4,1,291.0,Hughie Castletine,hcastletinea6@latimes.com,PayPal
368,5/14/2022,2/17/2022,Double,4,1,474.61,Enos Dain,edaina7@friendfeed.com,Cash
369,7/2/2022,1/25/2022,Suite,1,0,371.36,Marmaduke Leebeter,mleebetera8@vk.com,Cash
370,7/29/2022,12/25/2022,Double,2,0,373.0,William Downse,wdownsea9@independent.co.uk,Cash
372,3/17/2022,10/10/2022,Double,4,2,494.42,Yancey McShirie,ymcshirieab@xing.com,PayPal
374,1/11/2022,1/29/2022,Suite,3,0,309.48,Breena Emney,bemneyad@irs.gov,Credit Card
375,7/16/2022,1/26/2022,Single,1,1,367.72,Marni Stubbert,mstubbertae@gov.uk,Credit Card
379,8/4/2022,5/9/2022,Suite,2,1,469.91,Pippo Kullmann,pkullmannai@trellian.com,Cash
382,11/12/2022,5/9/2022,Suite,1,0,405.35,Marthe Gianasi,mgianasial@tmall.com,Credit Card
383,7/19/2022,4/10/2022,Single,3,0,287.01,Dewitt De Beauchamp,ddeam@admin.ch,Credit Card
384,9/19/2022,8/24/2022,Suite,4,1,489.61,Teodor Normand,tnormandan@unesco.org,Credit Card
386,8/6/2022,5/31/2022,Double,3,1,375.82,Carlo Fouch,cfouchap@dedecms.com,Credit Card
388,2/15/2022,2/28/2022,Suite,1,1,387.83,Brodie Hounsom,bhounsomar@histats.com,Cash
389,6/22/2022,6/26/2022,Single,2,0,281.0,Diannne Cowen,dcowenas@earthlink.net,Credit Card
390,3/12/2022,11/22/2022,Double,4,1,284.71,Katusha Baumler,kbaumlerat@webmd.com,Cash
391,6/28/2022,6/25/2022,Suite,4,1,369.51,Corby Nockalls,cnockallsau@omniture.com,PayPal
392,1/18/2022,2/3/2022,Suite,4,2,404.33,Mufinella Pollastrino,mpollastrinoav@aol.com,Cash
393,3/16/2022,12/17/2022,Single,2,0,332.24,Rriocard Seabrooke,rseabrookeaw@freewebs.com,Cash
394,6/13/2022,1/21/2022,Single,3,2,369.91,Gaspar Cansdill,gcansdillax@usa.gov,PayPal
395,7/11/2022,6/6/2022,Double,1,1,494.29,Bidget Dearden,bdeardenay@digg.com,PayPal
404,1/9/2022,11/8/2022,Double,2,0,433.02,Benita Silverston,bsilverstonb7@spiegel.de,Cash
406,8/21/2022,1/10/2022,Suite,1,1,423.19,Effie Frontczak,efrontczakb9@webmd.com,PayPal
408,8/3/2022,8/25/2022,Single,3,2,463.18,Felice Dellatorre,fdellatorrebb@accuweather.com,Cash
412,1/12/2022,2/17/2022,Single,2,2,492.05,Aidan Fernao,afernaobf@examiner.com,PayPal
413,8/28/2022,2/9/2022,Single,3,0,455.58,Iseabal Briskey,ibriskeybg@t-online.de,Credit Card
416,5/27/2022,5/24/2022,Suite,4,0,288.56,Juanita Linde,jlindebj@amazon.com,PayPal
418,10/22/2022,9/27/2022,Single,3,2,295.0,Perl Joreau,pjoreaubl@dailymail.co.uk,PayPal
421,7/14/2022,12/4/2022,Double,4,1,310.92,Betta Costanza,bcostanzabo@shutterfly.com,Cash
422,2/15/2022,10/7/2022,Suite,2,0,319.24,Westbrooke Burke,wburkebp@gizmodo.com,PayPal
423,5/21/2022,1/13/2022,Suite,4,1,343.15,Carmine Snaden,csnadenbq@ocn.ne.jp,PayPal
429,7/17/2022,4/29/2022,Suite,1,0,486.6,Myrtie Giffaut,mgiffautbw@msu.edu,Cash
430,5/12/2022,7/24/2022,Suite,1,1,462.4,Nero Drable,ndrablebx@nationalgeographic.com,Cash
431,9/30/2022,8/25/2022,Double,1,2,463.05,Rustin Orys,rorysby@github.com,Cash
437,10/23/2022,7/22/2022,Double,1,2,284.9,Lilli Guerin,lguerinc4@cam.ac.uk,PayPal
438,4/12/2022,3/9/2022,Suite,3,0,452.42,Dolley Bentsen,dbentsenc5@squarespace.com,Credit Card
442,5/8/2022,12/17/2022,Double,1,2,491.01,Yorke Klishin,yklishinc9@auda.org.au,Cash
443,8/7/2022,7/14/2022,Single,4,1,400.59,Morganica Pettipher,mpettipherca@topsy.com,Credit Card
446,12/12/2022,8/21/2022,Suite,1,2,496.94,Krishnah Pettett,kpettettcd@slideshare.net,PayPal
447,1/12/2022,6/21/2022,Double,3,1,412.26,Ogdan Dorro,odorroce@pbs.org,Cash
448,6/19/2022,3/22/2022,Suite,3,0,399.44,Leisha Robus,lrobuscf@mysql.com,Cash
450,5/16/2022,4/20/2022,Double,2,1,335.84,Dorry Dabnot,ddabnotch@ow.ly,Cash
451,11/4/2022,11/26/2022,Suite,2,2,312.81,Caron Feaviour,cfeaviourci@comcast.net,PayPal
452,7/13/2022,2/13/2022,Single,1,1,286.41,Gage Bellini,gbellinicj@sun.com,PayPal
457,7/8/2022,4/20/2022,Single,2,2,314.55,Beverlie Gwilliam,bgwilliamco@cbslocal.com,PayPal
459,11/14/2022,2/2/2022,Single,1,2,448.05,Helyn Mughal,hmughalcq@delicious.com,PayPal
460,6/20/2022,3/15/2022,Suite,4,0,322.65,Maia Banker,mbankercr@google.pl,PayPal
461,12/14/2022,8/2/2022,Single,1,2,494.83,Fey Woodthorpe,fwoodthorpecs@cloudflare.com,Cash
462,6/2/2022,2/11/2022,Suite,2,2,429.14,Benjamin Edelmann,bedelmannct@ihg.com,PayPal
463,2/5/2022,10/25/2022,Single,2,1,336.65,Alix July,ajulycu@walmart.com,Cash
464,4/24/2022,11/2/2022,Suite,1,0,317.13,Ursulina Tabard,utabardcv@nps.gov,PayPal
465,10/4/2022,5/15/2022,Suite,2,0,326.32,Christy MacPeake,cmacpeakecw@wikispaces.com,PayPal
468,8/15/2022,6/29/2022,Double,4,1,376.25,Wallache Boddymead,wboddymeadcz@ed.gov,PayPal
470,8/9/2022,1/2/2022,Single,4,2,362.56,Jud Edwick,jedwickd1@wix.com,Credit Card
472,9/3/2022,4/17/2022,Single,1,2,409.66,Ricky Roast,rroastd3@nsw.gov.au,Credit Card
474,4/23/2022,6/14/2022,Suite,1,2,444.28,Rosemary Mayoh,rmayohd5@github.io,Cash
476,1/9/2022,2/16/2022,Suite,2,0,356.47,Merrick Coddrington,mcoddringtond7@icio.us,Credit Card
477,10/2/2022,7/15/2022,Double,4,1,307.96,Emilio Harses,eharsesd8@wordpress.com,PayPal
480,3/15/2022,9/5/2022,Double,1,0,391.59,Barty Antczak,bantczakdb@newyorker.com,Credit Card
481,12/30/2022,9/25/2022,Suite,1,0,353.01,Ivonne Cain,icaindc@ihg.com,PayPal
483,6/11/2022,3/14/2022,Single,2,0,491.54,Heywood Hindsberg,hhindsbergde@techcrunch.com,PayPal
484,3/20/2022,4/18/2022,Suite,4,1,396.77,Stearn Liddington,sliddingtondf@hud.gov,PayPal
485,10/8/2022,5/9/2022,Suite,2,2,426.24,Carlee Toretta,ctorettadg@umich.edu,Cash
486,11/11/2022,5/7/2022,Double,3,0,416.21,Darius Eyeington,deyeingtondh@discovery.com,PayPal
487,7/18/2022,9/4/2022,Suite,3,0,342.94,Minne Dougher,mdougherdi@washingtonpost.com,Credit Card
489,3/31/2022,9/23/2022,Suite,1,1,443.32,Cindee Pearcey,cpearceydk@i2i.jp,Cash
491,10/11/2022,8/11/2022,Single,2,0,299.69,Thekla Skittles,tskittlesdm@shop-pro.jp,Credit Card
494,5/15/2022,7/7/2022,Suite,4,1,413.26,Pasquale Louw,plouwdp@abc.net.au,PayPal
495,6/29/2022,6/19/2022,Single,2,1,345.41,Isidore Fuentez,ifuentezdq@elegantthemes.com,Credit Card
497,7/10/2022,5/8/2022,Single,2,0,336.66,Monique Ausello,mausellods@ovh.net,PayPal
501,9/10/2022,9/8/2022,Single,4,0,398.92,Cross Kach,ckachdw@ibm.com,Cash
502,9/26/2022,5/28/2022,Single,1,1,344.44,Pippy Bront,pbrontdx@bravesites.com,Credit Card
504,8/2/2022,1/21/2022,Suite,1,0,369.06,Tracie Arnaudin,tarnaudindz@nba.com,PayPal
507,7/3/2022,5/7/2022,Single,1,2,346.64,Christian Kenn,ckenne2@tripadvisor.com,PayPal
509,5/7/2022,12/20/2022,Double,2,2,382.29,Sid Bingle,sbinglee4@so-net.ne.jp,Cash
510,4/8/2022,10/26/2022,Double,2,1,436.36,Kennedy Lewing,klewinge5@xing.com,Cash
518,2/25/2022,5/10/2022,Double,1,1,368.41,Onofredo Fomichyov,ofomichyoved@dedecms.com,Cash
521,2/24/2022,4/6/2022,Double,1,0,399.32,Rriocard Commins,rcomminseg@sakura.ne.jp,PayPal
522,3/15/2022,5/25/2022,Suite,4,2,443.3,Field Gregoriou,fgregorioueh@blogger.com,PayPal
524,8/14/2022,6/9/2022,Single,2,1,279.53,Shelden Flowerdew,sflowerdewej@infoseek.co.jp,Cash
525,11/20/2022,9/1/2022,Single,1,2,424.15,Issy Eakeley,ieakeleyek@discovery.com,Credit Card
526,2/1/2022,4/3/2022,Single,4,1,360.91,Lothario Perfili,lperfiliel@ustream.tv,PayPal
527,2/4/2022,10/3/2022,Double,3,0,339.46,Deane Duinbleton,dduinbletonem@zdnet.com,PayPal
528,9/1/2022,10/24/2022,Double,3,0,433.95,Dolorita Walaron,dwalaronen@soundcloud.com,Cash
532,11/27/2022,6/18/2022,Double,1,0,377.01,Jacquelynn Turford,jturforder@cpanel.net,PayPal
536,7/19/2022,8/8/2022,Double,4,0,491.04,Feliks Chatband,fchatbandev@creativecommons.org,PayPal
538,4/20/2022,10/21/2022,Suite,1,1,458.83,Gabie Edensor,gedensorex@intel.com,Credit Card
541,1/31/2022,3/28/2022,Double,2,0,281.33,Vinny Glendining,vglendiningf0@ucla.edu,Credit Card
542,9/14/2022,1/29/2022,Single,1,0,492.07,Christan Wickett,cwickettf1@cargocollective.com,Cash
544,2/23/2022,7/22/2022,Suite,2,2,455.19,Spence O'Finan,sofinanf3@washington.edu,Credit Card
547,11/2/2022,5/1/2022,Single,2,2,299.0,Kylie Mordon,kmordonf6@t.co,Credit Card
548,6/5/2022,2/13/2022,Double,2,1,335.82,Karine Scanlin,kscanlinf7@slideshare.net,Credit Card
549,8/13/2022,9/8/2022,Double,1,1,413.14,Lorine Reeday,lreedayf8@taobao.com,Cash
550,2/27/2022,7/14/2022,Double,1,2,314.42,Maurizia Lamblin,mlamblinf9@ow.ly,Credit Card
552,2/21/2022,9/11/2022,Double,2,2,333.51,Karoly Tolomio,ktolomiofb@dropbox.com,Cash
556,5/25/2022,3/13/2022,Suite,2,2,317.22,Rickie Delue,rdelueff@github.io,Credit Card
557,12/6/2022,6/17/2022,Single,1,1,283.95,Terrijo Boas,tboasfg@ca.gov,Credit Card
559,6/28/2022,4/3/2022,Double,2,2,323.51,Corenda Lembcke,clembckefi@vkontakte.ru,Credit Card
560,6/20/2022,11/25/2022,Suite,1,2,472.32,Marcella Popeley,mpopeleyfj@huffingtonpost.com,PayPal
561,4/1/2022,10/11/2022,Double,3,1,299.99,Sonia Slograve,sslogravefk@prweb.com,PayPal
562,11/21/2022,3/20/2022,Suite,2,2,328.43,Vail Welbeck,vwelbeckfl@admin.ch,Credit Card
567,2/25/2022,7/25/2022,Suite,1,1,478.76,Sebastiano Emlen,semlenfq@mapquest.com,PayPal
568,3/17/2022,7/31/2022,Suite,1,1,462.28,Petra Cohani,pcohanifr@umn.edu,Cash
569,12/28/2022,7/24/2022,Single,1,1,492.95,Bjorn Dickenson,bdickensonfs@cloudflare.com,Cash
571,1/30/2022,6/2/2022,Double,4,0,440.98,Onfre Davioud,odavioudfu@wp.com,Cash
573,5/4/2022,3/10/2022,Double,3,1,420.03,Gray Train,gtrainfw@merriam-webster.com,PayPal
576,2/15/2022,11/19/2022,Suite,4,1,471.47,Dave Pavier,dpavierfz@dyndns.org,PayPal
579,4/14/2022,9/27/2022,Single,2,0,333.21,Catriona Hawson,chawsong2@wikipedia.org,PayPal
582,2/11/2022,9/28/2022,Single,3,1,466.58,Monica Allso,mallsog5@twitpic.com,Cash
585,7/17/2022,8/23/2022,Double,1,2,467.83,Maurizia Colbrun,mcolbrung8@omniture.com,PayPal
586,5/23/2022,10/24/2022,Single,3,0,384.04,Farica Plante,fplanteg9@sphinn.com,Cash
588,1/21/2022,3/15/2022,Suite,4,2,456.34,Kendre Lewer,klewergb@google.cn,Cash
593,1/26/2022,12/8/2022,Single,1,2,393.09,Donny Searsby,dsearsbygg@spiegel.de,Credit Card
594,1/5/2022,12/5/2022,Double,4,2,292.1,Becki Sollitt,bsollittgh@mapy.cz,Credit Card
601,4/12/2022,3/13/2022,Suite,2,2,416.9,Blake Tooby,btoobygo@tuttocitta.it,Cash
602,8/28/2022,12/17/2022,Double,1,2,336.06,Zelig O' Dooley,zogp@myspace.com,PayPal
603,6/19/2022,8/28/2022,Double,4,0,418.56,Violette Sommerlin,vsommerlingq@opera.com,Credit Card
604,12/29/2022,5/8/2022,Suite,2,2,397.42,Chelsy Card,ccardgr@miibeian.gov.cn,Credit Card
609,6/15/2022,11/22/2022,Double,4,1,394.6,Maxie Vasentsov,mvasentsovgw@w3.org,Cash
610,11/23/2022,8/11/2022,Double,4,1,328.05,Shae Greeveson,sgreevesongx@discovery.com,Cash
611,7/5/2022,2/8/2022,Double,1,2,357.69,Iosep Kubecka,ikubeckagy@mapquest.com,Credit Card
612,10/26/2022,9/15/2022,Single,1,0,381.97,Jeralee Simmens,jsimmensgz@google.co.uk,Credit Card
614,6/6/2022,11/14/2022,Suite,1,1,473.6,Jeni Kelsow,jkelsowh1@vkontakte.ru,Cash
617,9/23/2022,2/18/2022,Suite,4,0,324.46,Sandi Rhymes,srhymesh4@springer.com,Cash
619,10/14/2022,6/9/2022,Double,4,1,294.32,Tish Bloxholm,tbloxholmh6@163.com,Cash
620,11/1/2022,3/2/2022,Double,2,2,424.33,Dieter Dowzell,ddowzellh7@netscape.com,Cash
621,9/21/2022,12/7/2022,Double,3,2,366.65,Montague Rudsdale,mrudsdaleh8@boston.com,Cash
623,7/2/2022,6/26/2022,Double,3,0,333.55,Payton Yven,pyvenha@unicef.org,Credit Card
624,11/13/2022,10/6/2022,Double,1,2,313.6,Orv Spratling,ospratlinghb@pcworld.com,Credit Card
627,8/7/2022,7/5/2022,Single,3,0,337.49,Jasen Kershaw,jkershawhe@imgur.com,Credit Card
628,4/22/2022,10/23/2022,Single,3,1,285.06,Peg Sollom,psollomhf@addtoany.com,PayPal
631,4/28/2022,10/25/2022,Single,2,2,485.96,Nathan Blayney,nblayneyhi@alexa.com,Cash
632,2/9/2022,6/18/2022,Double,1,1,286.57,Cherin Beveredge,cbeveredgehj@naver.com,Credit Card
633,8/30/2022,9/15/2022,Suite,1,1,475.61,Jedd Falkous,jfalkoushk@360.cn,Cash
635,4/29/2022,8/24/2022,Single,2,0,396.9,Felicio Byron,fbyronhm@slashdot.org,Cash
636,9/21/2022,3/24/2022,Suite,3,1,386.9,Harper Biesinger,hbiesingerhn@berkeley.edu,PayPal
638,7/20/2022,3/16/2022,Suite,1,2,480.65,Wanda Kynnd,wkynndhp@washingtonpost.com,PayPal
640,2/19/2022,5/17/2022,Double,3,0,390.08,Ann-marie Rutigliano,arutiglianohr@scientificamerican.com,Cash
641,3/26/2022,12/14/2022,Suite,4,1,485.34,Lesley Nardoni,lnardonihs@clickbank.net,Credit Card
642,12/21/2022,2/15/2022,Suite,2,1,373.0,Davine Wooster,dwoosterht@twitter.com,PayPal
643,2/21/2022,4/24/2022,Double,1,2,412.89,Calida Rupert,cruperthu@google.co.uk,Credit Card
644,9/26/2022,11/13/2022,Single,3,2,314.76,Neile Winteringham,nwinteringhamhv@theguardian.com,Cash
645,4/24/2022,10/9/2022,Double,2,0,375.6,Lowrance Lenaghen,llenaghenhw@typepad.com,PayPal
646,11/13/2022,4/6/2022,Suite,1,0,367.37,Seamus Lukins,slukinshx@ebay.com,Credit Card
649,3/7/2022,4/7/2022,Suite,2,0,338.22,Seka Iacivelli,siacivellii0@a8.net,Credit Card
650,5/26/2022,8/8/2022,Single,4,0,412.24,Kingsly Heningham,kheninghami1@whitehouse.gov,PayPal
652,5/3/2022,4/28/2022,Single,1,2,461.92,Ema Pardie,epardiei3@freewebs.com,Cash
654,8/7/2022,6/29/2022,Double,4,1,314.04,Fielding Harrison,fharrisoni5@istockphoto.com,Cash
655,12/20/2022,7/10/2022,Double,4,2,351.7,Claiborne Van der Kruijs,cvani6@rakuten.co.jp,Credit Card
656,9/15/2022,6/1/2022,Single,2,2,413.71,Jackquelin Kitchingman,jkitchingmani7@mysql.com,Credit Card
658,1/2/2022,5/28/2022,Double,3,0,320.88,Ursola Ondrus,uondrusi9@biglobe.ne.jp,Credit Card
659,5/26/2022,4/3/2022,Single,1,1,482.36,Lu Le Teve,lleia@parallels.com,PayPal
662,8/1/2022,7/31/2022,Suite,2,2,456.02,Arlie Henriquet,ahenriquetid@mozilla.org,Credit Card
664,5/30/2022,10/30/2022,Suite,2,0,430.47,Halette Cockshoot,hcockshootif@businessweek.com,Cash
665,6/28/2022,7/3/2022,Suite,4,1,349.69,Yorker Lambert-Ciorwyn,ylambertciorwynig@deliciousdays.com,PayPal
667,5/12/2022,8/15/2022,Suite,1,1,497.6,Sandy Ullett,sullettii@goo.ne.jp,Credit Card
673,11/24/2022,6/25/2022,Suite,2,2,474.02,Bertram MacIlraith,bmacilraithio@nhs.uk,Cash
674,6/9/2022,1/2/2022,Double,1,1,285.11,Lissy Pirouet,lpirouetip@youku.com,Cash
676,2/2/2022,1/6/2022,Suite,2,0,340.35,Cesar Burchill,cburchillir@printfriendly.com,Cash
678,5/9/2022,1/8/2022,Double,3,1,313.66,Alis Scade,ascadeit@storify.com,Cash
680,2/22/2022,6/25/2022,Double,3,0,482.55,Dina Trusdale,dtrusdaleiv@drupal.org,Credit Card
681,1/7/2022,6/13/2022,Suite,3,2,434.35,Aurilia Eyres,aeyresiw@barnesandnoble.com,PayPal
683,6/17/2022,9/4/2022,Single,1,0,402.88,Concettina Rossoni,crossoniiy@vistaprint.com,PayPal
685,9/27/2022,4/29/2022,Single,2,2,379.0,Stacey Dunabie,sdunabiej0@apache.org,Credit Card
687,5/9/2022,10/28/2022,Suite,3,0,480.6,Cleveland Aronin,caroninj2@yandex.ru,PayPal
688,6/24/2022,10/31/2022,Suite,3,1,440.92,Hildagarde Cohan,hcohanj3@cloudflare.com,PayPal
689,5/10/2022,5/25/2022,Double,4,1,323.86,Arliene Buckham,abuckhamj4@hexun.com,Credit Card
692,6/22/2022,2/13/2022,Single,4,1,438.66,Mahalia Jahn,mjahnj7@facebook.com,Credit Card
694,12/29/2022,12/21/2022,Suite,1,2,322.15,Zaccaria Armytage,zarmytagej9@yahoo.co.jp,PayPal
697,10/9/2022,7/24/2022,Single,1,1,413.82,Eyde Sapena,esapenajc@nydailynews.com,Cash
698,12/1/2022,7/26/2022,Double,4,1,319.24,Jeramey Watson-Brown,jwatsonbrownjd@xinhuanet.com,PayPal
699,1/25/2022,3/19/2022,Single,1,2,455.07,Dene Cloutt,dclouttje@ftc.gov,Cash
700,10/28/2022,7/15/2022,Suite,2,2,366.06,Carmelita Rolles,crollesjf@jugem.jp,Cash
703,2/20/2022,8/17/2022,Suite,3,2,397.27,Aimil Youde,ayoudeji@goodreads.com,Cash
707,1/26/2022,7/2/2022,Single,3,0,331.05,Vinnie Megany,vmeganyjm@opera.com,Credit Card
708,10/8/2022,6/15/2022,Double,2,2,387.29,Julio Yateman,jyatemanjn@marketwatch.com,Cash
710,7/21/2022,2/14/2022,Single,1,1,391.03,Marylynne Turone,mturonejp@yelp.com,Cash
712,12/8/2022,5/12/2022,Single,4,0,427.98,Mic Tillerton,mtillertonjr@oaic.gov.au,PayPal
713,3/28/2022,7/11/2022,Suite,1,0,419.91,Maximo Bonallack,mbonallackjs@upenn.edu,PayPal
716,9/22/2022,5/22/2022,Suite,2,2,389.86,Kerry Dando,kdandojv@epa.gov,Cash
717,2/11/2022,6/4/2022,Double,1,2,445.11,Conny Gloy,cgloyjw@narod.ru,Credit Card
719,4/14/2022,8/15/2022,Suite,4,0,460.51,Elroy Dello,edellojy@sciencedaily.com,Credit Card
725,12/10/2022,10/8/2022,Double,1,1,448.96,Nicola Abbado,nabbadok4@uol.com.br,Cash
730,4/29/2022,3/19/2022,Double,3,1,305.29,Herculie Aizikowitz,haizikowitzk9@google.nl,Credit Card
731,8/22/2022,1/20/2022,Single,2,1,367.73,Galvin Colls,gcollska@about.com,Credit Card
732,11/24/2022,12/24/2022,Double,2,2,491.43,Christian Pithie,cpithiekb@hud.gov,Credit Card
734,8/20/2022,1/10/2022,Single,4,0,302.08,Alvin O'Kelly,aokellykd@youtube.com,PayPal
735,10/23/2022,1/30/2022,Single,1,2,425.15,Marris Roddie,mroddieke@issuu.com,Credit Card
736,4/2/2022,7/29/2022,Double,4,0,424.93,Arleyne McDuff,amcduffkf@edublogs.org,Credit Card
737,8/26/2022,3/25/2022,Double,4,1,326.67,Georgeanne Bertomier,gbertomierkg@usatoday.com,Credit Card
739,4/3/2022,12/10/2022,Single,3,1,386.44,Sherlock Wickerson,swickersonki@ustream.tv,Credit Card
740,4/5/2022,4/11/2022,Double,3,1,290.95,Cob Heggman,cheggmankj@berkeley.edu,Credit Card
743,5/30/2022,4/19/2022,Suite,4,2,393.09,Morena Burnard,mburnardkm@state.gov,Credit Card
744,6/26/2022,10/5/2022,Double,4,2,391.79,Nancee McEttigen,nmcettigenkn@mlb.com,Credit Card
751,10/7/2022,3/23/2022,Suite,2,2,341.34,Rusty Rekes,rrekesku@trellian.com,PayPal
752,7/28/2022,3/21/2022,Single,4,0,353.35,Alexandros Ornelas,aornelaskv@nature.com,Credit Card
753,4/18/2022,4/30/2022,Single,3,1,334.78,Berenice Bows,bbowskw@posterous.com,Credit Card
754,8/23/2022,5/31/2022,Suite,1,2,402.4,Halli Philot,hphilotkx@123-reg.co.uk,Cash
755,3/16/2022,10/31/2022,Single,3,2,317.92,Hadria Balmadier,hbalmadierky@live.com,Cash
756,10/25/2022,3/28/2022,Double,1,1,315.64,Codie Corbie,ccorbiekz@paginegialle.it,PayPal
758,1/11/2022,6/20/2022,Suite,4,0,428.97,Nydia Gergler,ngerglerl1@yelp.com,Cash
760,8/5/2022,5/4/2022,Single,4,0,443.37,Cristen Grimsdale,cgrimsdalel3@nhs.uk,PayPal
763,5/27/2022,11/24/2022,Suite,1,0,341.05,Andra Addams,aaddamsl6@ow.ly,PayPal
764,4/16/2022,2/19/2022,Suite,2,0,409.62,Earle Buff,ebuffl7@globo.com,PayPal
766,10/19/2022,5/16/2022,Double,3,0,402.9,Rahel Conechie,rconechiel9@macromedia.com,Cash
771,5/26/2022,7/25/2022,Double,3,1,478.74,Kenny Mogg,kmoggle@cam.ac.uk,Cash
773,4/1/2022,9/9/2022,Suite,4,1,355.52,Bernetta Lauritzen,blauritzenlg@about.com,PayPal
777,6/22/2022,2/3/2022,Suite,1,0,431.5,Raphaela Barkway,rbarkwaylk@wp.com,Credit Card
781,9/20/2022,7/11/2022,Double,2,2,472.73,Horatia Andreotti,handreottilo@tumblr.com,Cash
783,3/18/2022,2/8/2022,Single,3,0,459.2,Hamlin Sands,hsandslq@howstuffworks.com,Credit Card
784,10/10/2022,5/5/2022,Suite,3,1,303.19,Hadleigh Pankettman,hpankettmanlr@lulu.com,PayPal
786,10/23/2022,9/3/2022,Double,2,0,480.17,Di Seelbach,dseelbachlt@blogger.com,Credit Card
789,1/21/2022,2/26/2022,Suite,4,0,383.99,Clarette Menier,cmenierlw@examiner.com,Credit Card
790,10/25/2022,6/24/2022,Single,1,0,324.37,Horacio Rogerot,hrogerotlx@wordpress.org,PayPal
791,7/13/2022,5/29/2022,Single,1,0,489.37,Clerc Grooby,cgroobyly@furl.net,Credit Card
793,8/7/2022,2/20/2022,Suite,1,2,302.5,Craggie Keates,ckeatesm0@163.com,PayPal
794,9/10/2022,7/3/2022,Suite,3,2,397.77,Ines Nairn,inairnm1@apple.com,PayPal
796,3/8/2022,3/3/2022,Double,2,2,361.63,Quintin Thompson,qthompsonm3@privacy.gov.au,PayPal
797,3/15/2022,6/23/2022,Single,3,1,352.01,Lorraine McKelloch,lmckellochm4@example.com,Cash
800,2/28/2022,1/26/2022,Suite,2,0,363.26,Roger Pritchard,rpritchardm7@t.co,PayPal
801,12/15/2022,10/8/2022,Single,4,0,335.1,Jerrilee Paulazzi,jpaulazzim8@cnn.com,Credit Card
802,12/6/2022,6/2/2022,Single,4,1,497.66,Tedra Bartoszek,tbartoszekm9@flavors.me,PayPal
803,10/5/2022,6/24/2022,Double,2,1,382.32,Eugine Simkiss,esimkissma@slideshare.net,Cash
804,5/19/2022,11/1/2022,Double,4,0,436.54,Christel Barrat,cbarratmb@desdev.cn,PayPal
807,5/15/2022,1/4/2022,Suite,3,0,421.96,Obie Landrieu,olandrieume@alexa.com,Cash
809,9/1/2022,3/25/2022,Single,2,2,337.86,Alina Tieman,atiemanmg@omniture.com,Cash
810,7/27/2022,11/7/2022,Single,2,2,481.89,Bailey Kibbe,bkibbemh@lulu.com,Credit Card
812,5/26/2022,9/27/2022,Suite,2,0,287.37,Jorry Besnardeau,jbesnardeaumj@smugmug.com,Credit Card
814,11/6/2022,1/12/2022,Suite,3,0,375.86,Gilly Firman,gfirmanml@arizona.edu,PayPal
817,4/27/2022,8/23/2022,Double,2,1,399.26,Berne De Micoli,bdemo@bigcartel.com,Cash
819,3/24/2022,1/7/2022,Suite,4,1,377.77,Roberto Simek,rsimekmq@walmart.com,Cash
821,11/24/2022,6/13/2022,Suite,2,0,440.37,Ann Ogelsby,aogelsbyms@amazon.co.uk,Credit Card
823,11/27/2022,5/15/2022,Double,1,2,423.7,Natka Smethurst,nsmethurstmu@nature.com,Cash
824,5/17/2022,11/25/2022,Double,1,2,293.63,Fran Richardet,frichardetmv@toplist.cz,Credit Card
827,3/21/2022,7/6/2022,Suite,1,0,489.73,Byrle Everington,beveringtonmy@cbsnews.com,Credit Card
828,12/11/2022,7/9/2022,Suite,2,1,390.5,Danyelle Halsworth,dhalsworthmz@tinyurl.com,PayPal
830,11/10/2022,6/8/2022,Single,3,1,405.11,Pinchas Loren,plorenn1@oracle.com,Cash
831,1/25/2022,6/15/2022,Suite,3,2,475.51,Thorsten Duquesnay,tduquesnayn2@histats.com,Cash
832,10/18/2022,9/26/2022,Double,3,0,295.93,Alva Brimblecomb,abrimblecombn3@ca.gov,Cash
836,12/6/2022,12/5/2022,Double,3,2,453.09,Collen Oxteby,coxtebyn7@icq.com,PayPal
840,9/19/2022,6/6/2022,Double,1,0,485.56,Loydie Durnford,ldurnfordnb@mlb.com,Cash
841,1/17/2022,4/1/2022,Suite,3,1,338.34,Kristel Lindstrom,klindstromnc@clickbank.net,PayPal
843,3/27/2022,11/8/2022,Suite,4,0,278.97,Keane Jelley,kjelleyne@sakura.ne.jp,Credit Card
849,9/28/2022,9/19/2022,Single,4,1,312.63,Nettle Cawtheray,ncawtheraynk@ezinearticles.com,Cash
850,5/29/2022,6/20/2022,Double,1,2,366.03,Tasia Blakes,tblakesnl@com.com,Cash
851,4/29/2022,12/16/2022,Suite,4,0,423.8,Wit Riley,wrileynm@thetimes.co.uk,PayPal
853,4/4/2022,5/9/2022,Double,4,2,411.92,Jo De Giovanni,jdeno@usatoday.com,Credit Card
854,6/25/2022,4/20/2022,Double,2,1,432.62,Tracey Addeycott,taddeycottnp@wordpress.com,Cash
856,1/18/2022,2/3/2022,Double,4,1,300.2,Kliment Lockier,klockiernr@privacy.gov.au,Credit Card
858,1/10/2022,11/18/2022,Double,4,2,444.49,Cornelia Prahl,cprahlnt@furl.net,PayPal
863,5/3/2022,1/13/2022,Suite,2,2,424.61,Brit Schulze,bschulzeny@rakuten.co.jp,Cash
864,11/14/2022,9/25/2022,Double,3,1,344.22,Chaddie Twiddle,ctwiddlenz@washington.edu,Cash
865,3/25/2022,11/13/2022,Single,2,0,351.84,Orel Fairham,ofairhamo0@squarespace.com,PayPal
866,2/14/2022,1/4/2022,Suite,3,1,341.27,Mignon Rivalland,mrivallando1@e-recht24.de,Cash
872,2/1/2022,10/31/2022,Double,1,2,285.69,Dillon Cheesman,dcheesmano7@ocn.ne.jp,Credit Card
874,3/14/2022,9/13/2022,Suite,1,2,369.9,Garrick Ruddom,gruddomo9@hatena.ne.jp,PayPal
875,2/12/2022,1/20/2022,Suite,1,2,481.4,Concordia Cartledge,ccartledgeoa@state.gov,Credit Card
876,9/26/2022,5/24/2022,Suite,2,2,313.34,Ulrica Elcoat,uelcoatob@forbes.com,Cash
878,1/14/2022,3/2/2022,Double,2,0,399.65,Spenser Bransom,sbransomod@shop-pro.jp,Credit Card
879,1/19/2022,10/17/2022,Double,2,0,323.16,Fayina Beardow,fbeardowoe@digg.com,Credit Card
880,9/2/2022,10/6/2022,Single,4,2,278.96,Loria Bhatia,lbhatiaof@sogou.com,Credit Card
882,8/13/2022,4/29/2022,Single,4,0,293.68,Stacey Lander,slanderoh@sun.com,Credit Card
883,10/31/2022,8/20/2022,Suite,4,2,413.36,Flossie Cutford,fcutfordoi@bbc.co.uk,PayPal
884,12/12/2022,10/24/2022,Single,3,2,492.25,Tersina Ambrogiotti,tambrogiottioj@bloglines.com,Cash
889,2/4/2022,8/31/2022,Suite,4,0,368.63,Kirstyn Barnhart,kbarnhartoo@msn.com,Cash
892,2/22/2022,4/14/2022,Single,3,0,469.2,Laure Siviter,lsiviteror@hc360.com,PayPal
893,7/19/2022,2/6/2022,Single,1,1,398.82,Marita Oxbe,moxbeos@example.com,PayPal
894,11/26/2022,5/4/2022,Single,3,0,454.07,Cosme Leverington,cleveringtonot@shinystat.com,Credit Card
895,10/22/2022,10/25/2022,Single,4,2,433.22,Kelli Bear,kbearou@reuters.com,PayPal
896,9/3/2022,7/24/2022,Single,4,0,325.61,Nydia Meert,nmeertov@linkedin.com,PayPal
897,9/18/2022,4/15/2022,Suite,1,2,477.74,Zechariah Jackson,zjacksonow@diigo.com,PayPal
901,1/19/2022,3/22/2022,Suite,1,2,279.94,Charmine Shildrake,cshildrakep0@wikimedia.org,Cash
903,3/19/2022,11/2/2022,Single,3,1,286.09,Alfred Mullins,amullinsp2@hhs.gov,PayPal
904,7/21/2022,3/14/2022,Single,1,0,315.82,Milty Meader,mmeaderp3@stumbleupon.com,Credit Card
905,4/9/2022,11/1/2022,Double,4,0,425.88,Joyan Tratton,jtrattonp4@csmonitor.com,PayPal
906,12/21/2022,8/7/2022,Double,2,1,381.5,Maribeth Bigly,mbiglyp5@icio.us,Cash
908,1/7/2022,7/20/2022,Suite,4,0,483.56,Christal Vasilyonok,cvasilyonokp7@hexun.com,Credit Card
910,7/25/2022,8/4/2022,Single,4,2,480.41,Sarene Ruddock,sruddockp9@digg.com,Cash
913,12/28/2022,3/21/2022,Double,4,0,418.04,Alie Pickance,apickancepc@hp.com,PayPal
916,4/2/2022,5/30/2022,Single,3,1,301.89,Scarface Kempson,skempsonpf@bizjournals.com,PayPal
922,3/29/2022,4/11/2022,Suite,3,1,401.81,Rheba Gapper,rgapperpl@list-manage.com,Cash
924,2/6/2022,5/11/2022,Single,2,1,472.26,Greta Barrie,gbarriepn@dell.com,Credit Card
926,12/11/2022,7/16/2022,Double,4,0,497.54,Hastings Roughan,hroughanpp@whitehouse.gov,PayPal
929,8/29/2022,5/7/2022,Double,1,2,389.96,Cornie Hutchinson,chutchinsonps@sina.com.cn,Cash
930,2/5/2022,8/16/2022,Single,2,1,384.04,Tremaine Hugonnet,thugonnetpt@nbcnews.com,Cash
932,2/14/2022,8/3/2022,Suite,3,2,444.47,Francene Grabban,fgrabbanpv@surveymonkey.com,Credit Card
934,10/31/2022,4/18/2022,Single,3,0,473.1,Rici Knevett,rknevettpx@godaddy.com,Cash
935,8/24/2022,7/29/2022,Suite,4,0,407.27,Bathsheba Bridgement,bbridgementpy@bloomberg.com,PayPal
936,3/13/2022,3/23/2022,Single,4,2,423.04,Rolando Berrington,rberringtonpz@telegraph.co.uk,Credit Card
938,11/5/2022,11/3/2022,Single,2,0,358.66,Novelia Bree,nbreeq1@ox.ac.uk,PayPal
940,2/21/2022,3/20/2022,Double,3,2,386.7,Brnaby Rentz,brentzq3@163.com,PayPal
942,1/28/2022,1/24/2022,Double,2,0,436.56,Husain MacGown,hmacgownq5@pen.io,PayPal
944,6/19/2022,10/3/2022,Single,1,1,454.06,Suzette Annon,sannonq7@creativecommons.org,Cash
948,6/9/2022,12/25/2022,Double,2,1,452.39,Albina Blakeley,ablakeleyqb@va.gov,Credit Card
949,3/20/2022,11/25/2022,Single,4,1,326.45,Hilario Dominguez,hdominguezqc@w3.org,PayPal
950,9/16/2022,8/20/2022,Double,1,1,328.49,Clemmie Ellery,celleryqd@godaddy.com,Credit Card
953,5/30/2022,5/28/2022,Suite,1,2,281.86,Krysta Hothersall,khothersallqg@cdc.gov,PayPal
954,3/26/2022,9/14/2022,Single,1,1,410.03,Em Goldsbury,egoldsburyqh@ebay.co.uk,Credit Card
958,8/24/2022,6/23/2022,Single,1,1,386.05,Karmen Behneke,kbehnekeql@creativecommons.org,Cash
959,5/3/2022,12/27/2022,Single,4,0,394.93,Christel Missen,cmissenqm@bloglovin.com,PayPal
961,7/17/2022,11/1/2022,Single,1,2,441.24,Gun Hallad,ghalladqo@nationalgeographic.com,Cash
962,5/2/2022,3/23/2022,Single,1,1,384.28,Barbabra Driussi,bdriussiqp@si.edu,PayPal
968,7/25/2022,7/16/2022,Suite,2,2,343.6,Deanne McMonies,dmcmoniesqv@wisc.edu,Credit Card
969,6/10/2022,3/21/2022,Double,3,0,336.13,Samara Kamiyama,skamiyamaqw@va.gov,Cash
970,6/12/2022,10/18/2022,Double,3,0,357.63,Lelah Esome,lesomeqx@godaddy.com,Cash
972,7/16/2022,8/18/2022,Suite,1,2,289.76,Gawen Corben,gcorbenqz@google.cn,Credit Card
974,11/12/2022,8/19/2022,Double,3,0,424.94,Decca Kelloway,dkellowayr1@creativecommons.org,Credit Card
975,10/9/2022,7/3/2022,Single,3,0,332.24,Portia Wrangle,pwrangler2@gizmodo.com,Cash
976,3/30/2022,12/30/2022,Single,4,1,361.76,Irving McVitie,imcvitier3@state.gov,PayPal
979,8/13/2022,7/29/2022,Single,3,0,436.32,Giacopo Franzel,gfranzelr6@blogspot.com,PayPal
983,10/10/2022,6/27/2022,Single,4,1,371.1,Ranique Arnold,rarnoldra@cbslocal.com,Credit Card
984,8/18/2022,12/16/2022,Single,2,2,376.04,Elaine Dugall,edugallrb@umich.edu,Cash
985,9/18/2022,10/23/2022,Suite,2,2,288.77,Conan Glazyer,cglazyerrc@house.gov,Credit Card
987,1/23/2022,8/15/2022,Suite,1,2,419.91,Kiley Love,klovere@simplemachines.org,PayPal
991,11/26/2022,7/9/2022,Suite,3,1,493.68,Vinny Capes,vcapesri@altervista.org,Cash
993,6/24/2022,11/19/2022,Single,2,2,319.98,Gaylor Syversen,gsyversenrk@fotki.com,PayPal
995,12/24/2022,10/19/2022,Double,1,0,310.81,Stephanie Noot,snootrm@indiegogo.com,Credit Card
996,10/24/2022,7/7/2022,Double,1,1,383.96,Xylina Pocklington,xpocklingtonrn@newsvine.com,Credit Card
1000,7/20/2022,8/4/2022,Single,2,2,460.76,Georgette Karslake,gkarslakerr@washingtonpost.com,PayPal
